Creator,Intelligence Index,Model,Context Window,License,Terminal-Bench Hard (Agentic Coding & Terminal Use),𝜏²-Bench Telecom (Agentic Tool Use),AA-LCR (Long Context Reasoning),Humanity's Last Exam (Reasoning & Knowledge),MMLU-Pro (Reasoning & Knowledge),GPQA Diamond (Scientific Reasoning),LiveCodeBench (Coding),SciCode(Coding),IFBench(InstructionFollowing),AIME 2025(CompetitionMath),Blended (USD/1M Tokens),InputPrice (USD/1M Tokens),OutputPrice (USD/1M Tokens),Median (Tokens/s),P5 (Tokens/s),P25 (Tokens/s),P75 (Tokens/s),P95 (Tokens/s),Latency ,First Answer,P5,P25,P75,P95,Total,Resoning
OpenAI,68,GPT-5 Codex (high),400k,Proprietary,36%,87%,69%,26%,87%,84%,84%,41%,74%,99%,$3.44 ,$1.25 ,$10.00 ,172,136,152,191,207,40.71,40.71,36.42,38.32,43.09,45,43.62,0
OpenAI,68,GPT-5 (high),400k,Proprietary,31%,85%,76%,27%,87%,85%,85%,43%,73%,94%,$3.44 ,$1.25 ,$10.00 ,98,77,86,116,130,108.53,108.53,96.27,101.72,115.55,121.17,113.66,0
OpenAI,66,GPT-5 (medium),400k,Proprietary,36%,87%,73%,24%,87%,84%,70%,41%,71%,92%,$3.44 ,$1.25 ,$10.00 ,116,90,96,145,171,66.44,66.44,43.58,50.4,79.98,80.81,70.74,0
OpenAI,65,o3,200k,Proprietary,35%,81%,69%,20%,85%,83%,81%,41%,71%,88%,$3.50 ,$2.00 ,$8.00 ,109,83,94,180,236,14.11,14.11,11.21,12.5,14.58,14.95,18.69,0
xAI,65,Grok 4,256k,Proprietary,38%,75%,68%,24%,87%,88%,82%,46%,54%,93%,$6.00 ,$3.00 ,$15.00 ,34,23,32,41,45,20.05,20.05,7.38,10.79,26.69,40.44,34.59,0
OpenAI,64,GPT-5 mini (high),400k,Proprietary,31%,68%,68%,20%,84%,83%,84%,39%,75%,91%,$0.69 ,$0.25 ,$2.00 ,69,62,65,73,77,79.96,79.96,75.16,77.29,128.27,166.92,87.23,0
Anthropic,63,Claude 4.5 Sonnet,1m,Proprietary,33%,78%,66%,17%,88%,83%,71%,45%,57%,88%,$6.00 ,$3.00 ,$15.00 ,59,38,50,60,64,2.11,36.18,1.69,1.9,2.22,2.41,44.7,34.07
OpenAI,62,GPT-5 (low),400k,Proprietary,25%,84%,59%,18%,86%,81%,76%,39%,67%,83%,$3.44 ,$1.25 ,$10.00 ,147,147,147,147,147,21.35,21.35,21.35,21.35,21.35,21.35,24.75,0
MiniMax,61,MiniMax-M2,205k,Open,24%,87%,61%,13%,82%,78%,83%,36%,72%,78%,$0.53 ,$0.30 ,$1.20 ,72,60,70,78,87,1.13,28.87,0.75,0.98,1.52,2.98,35.81,27.75
OpenAI,61,GPT-5 mini (medium),400k,Proprietary,27%,71%,66%,15%,83%,80%,69%,41%,71%,85%,$0.69 ,$0.25 ,$2.00 ,79,78,79,80,80,30.36,30.36,29.41,29.83,30.89,31.31,36.67,0
OpenAI,61,gpt-oss-120B (high),131k,Open,22%,66%,51%,19%,81%,78%,88%,39%,69%,93%,$0.26 ,$0.15 ,$0.60 ,377,140,213,601,"2,978",0.38,5.69,0.13,0.23,0.65,1.07,7.01,5.3
xAI,60,Grok 4 Fast,2m,Proprietary,18%,66%,65%,17%,85%,85%,83%,44%,51%,90%,$0.28 ,$0.20 ,$0.50 ,251,148,203,297,381,3.35,3.35,1.24,2.39,7.26,11.88,5.35,0
Google,60,Gemini 2.5 Pro,1m,Proprietary,25%,54%,66%,21%,86%,84%,80%,43%,49%,88%,$3.44 ,$1.25 ,$10.00 ,148,104,124,153,157,34.15,34.15,19.33,25.92,37.3,39.82,37.52,0
Anthropic,59,Claude 4.1 Opus,200k,Proprietary,32%,71%,66%,12%,88%,81%,65%,41%,55%,80%,$30.00 ,$15.00 ,$75.00 ,42,24,34,46,50,1.65,49.59,1.25,1.55,1.79,3.72,61.58,47.94
DeepSeek,58,DeepSeek V3.1 Terminus,128k,Open,28%,37%,65%,15%,85%,79%,80%,41%,57%,90%,$1.91 ,$1.64 ,$2.75 ,0,0,0,0,0,0,0,0,0,0,0,0,0
Alibaba,57,Qwen3 235B A22B 2507,256k,Open,13%,53%,67%,15%,84%,79%,79%,42%,51%,91%,$2.63 ,$0.70 ,$8.40 ,74,68,74,80,84,1.42,28.39,1.18,1.22,1.59,1.99,35.13,26.97
xAI,57,Grok 3 mini Reasoning (high),1m,Proprietary,16%,90%,50%,11%,83%,79%,70%,41%,46%,85%,$0.35 ,$0.30 ,$0.50 ,108,70,91,117,130,0.53,19.12,0.45,0.49,0.59,0.69,23.77,18.59
DeepSeek,57,DeepSeek V3.2 Exp,128k,Open,29%,34%,69%,14%,85%,80%,79%,38%,54%,88%,$0.32 ,$0.28 ,$0.42 ,27,21,25,29,32,1.06,74.84,0.88,0.95,1.29,1.4,93.29,73.78
Z AI,56,GLM-4.6,200k,Open,23%,71%,54%,13%,83%,78%,70%,38%,43%,86%,$0.97 ,$0.60 ,$2.15 ,67,33,50,92,184,0.61,30.34,0.32,0.5,0.78,6.47,37.78,29.74
Alibaba,55,Qwen3 Max,262k,Proprietary,19%,74%,47%,11%,84%,76%,77%,38%,44%,81%,$2.40 ,$1.20 ,$6.00 ,24,22,23,24,24,3.2,3.2,1.82,2.43,3.46,3.67,23.86,0
Anthropic,55,Claude 4.5 Haiku,200k,Proprietary,26%,55%,70%,10%,76%,67%,62%,43%,54%,84%,$2.00 ,$1.00 ,$5.00 ,43,35,39,52,76,0.8,46.92,0.6,0.69,0.98,1.12,58.46,46.13
Google,54,Gemini 2.5 Flash (Sep),1m,Proprietary,16%,46%,64%,13%,84%,79%,71%,41%,52%,78%,$0.85 ,$0.30 ,$2.50 ,255,198,246,260,269,10.11,10.11,6.56,9.64,13.27,15.91,12.07,0
Alibaba,54,Qwen3 VL 235B A22B,262k,Open,11%,54%,59%,10%,84%,77%,65%,40%,56%,88%,$2.63 ,$0.70 ,$8.40 ,49,47,48,51,52,1.5,41.94,1.2,1.33,1.66,1.79,52.06,40.45
Alibaba,54,Qwen3 Next 80B A3B,262k,Open,9%,42%,60%,12%,82%,76%,78%,39%,61%,84%,$1.88 ,$0.50 ,$6.00 ,157,137,146,166,173,1.19,13.89,1.08,1.13,1.52,1.79,17.06,12.7
OpenAI,52,gpt-oss-20B (high),131k,Open,10%,60%,34%,10%,75%,69%,78%,34%,65%,89%,$0.09 ,$0.06 ,$0.20 ,255,121,219,318,994,0.32,8.15,0.15,0.21,0.57,36.99,10.11,7.83
Mistral,52,Magistral Medium 1.2,128k,Proprietary,13%,52%,51%,10%,82%,74%,75%,39%,43%,82%,$2.75 ,$2.00 ,$5.00 ,88,42,73,94,103,0.53,23.31,0.42,0.47,0.61,6.27,29,22.77
DeepSeek,52,DeepSeek R1 0528,128k,Open,15%,37%,55%,15%,85%,81%,77%,40%,40%,76%,$1.98 ,$1.08 ,$3.50 ,0,0,0,0,0,0,0,0,0,0,0,0,0
Alibaba,52,Qwen3 VL 32B,256k,Open,7%,46%,55%,10%,82%,73%,74%,28%,59%,85%,$2.63 ,$0.70 ,$8.40 ,52,51,52,53,57,1.14,39.57,1.04,1.08,1.3,1.49,49.18,38.43
ByteDance Seed,52,Seed-OSS-36B-Instruct,512k,Open,6%,49%,58%,9%,82%,73%,77%,37%,42%,85%,$0.30 ,$0.21 ,$0.57 ,29,27,28,29,30,1.85,71.27,1.61,1.64,2.61,3.07,88.62,69.42
ServiceNow,52,Apriel-v1.5-15B-Thinker,128k,Open,10%,68%,20%,12%,77%,71%,73%,35%,62%,88%,$0.00 ,$0.00 ,$0.00 ,0,0,0,0,0,0,0,0,0,0,0,0,0
OpenAI,51,GPT-5 nano (high),400k,Proprietary,11%,37%,42%,8%,78%,68%,79%,37%,68%,84%,$0.14 ,$0.05 ,$0.40 ,191,158,173,209,224,68.73,68.73,51.22,59,78.46,86.24,71.35,0
Moonshot AI,50,Kimi K2 0905,256k,Open,23%,73%,52%,6%,82%,77%,61%,31%,42%,57%,$1.20 ,$0.99 ,$2.50 ,74,21,47,128,309,0.56,0.56,0.17,0.27,0.71,3.15,7.33,0
Anthropic,50,Claude 4.5 Sonnet,1m,Proprietary,27%,71%,51%,7%,86%,73%,59%,43%,43%,37%,$6.00 ,$3.00 ,$15.00 ,67,38,59,72,75,2.01,2.01,1.69,1.83,2.24,3.42,9.46,0
OpenAI,49,GPT-5 nano (medium),400k,Proprietary,16%,30%,40%,8%,77%,67%,76%,34%,66%,78%,$0.14 ,$0.05 ,$0.40 ,137,134,135,146,153,32.31,32.31,29.3,30.64,34.12,35.57,35.96,0
Z AI,49,GLM-4.5-Air,128k,Open,19%,47%,44%,7%,82%,73%,68%,31%,38%,81%,$0.42 ,$0.20 ,$1.10 ,101,63,90,188,218,0.64,20.44,0.23,0.54,0.78,2.12,25.38,19.79
xAI,49,Grok Code Fast 1,256k,Proprietary,16%,76%,48%,8%,79%,73%,66%,36%,41%,43%,$0.53 ,$0.20 ,$1.50 ,266,105,210,309,373,9.45,9.45,3.65,7.99,15.18,20.22,11.33,0
Google,48,Gemini 2.5 Flash-Lite (Sep),1m,Proprietary,12%,31%,59%,7%,81%,71%,69%,29%,53%,69%,$0.17 ,$0.10 ,$0.40 ,777,695,735,812,817,3.95,3.95,3.55,3.55,7.22,7.27,4.6,0
OpenAI,48,gpt-oss-120B (low),131k,Open,5%,45%,44%,5%,78%,67%,71%,36%,58%,67%,$0.26 ,$0.15 ,$0.60 ,340,149,210,493,"1,798",0.39,6.27,0.13,0.25,0.63,1.06,7.75,5.88
Google,47,Gemini 2.5 Flash (Sep),1m,Proprietary,14%,28%,57%,8%,84%,77%,63%,38%,44%,57%,$0.85 ,$0.30 ,$2.50 ,212,176,203,217,246,0.4,0.4,0.23,0.3,0.54,1.04,2.76,0
Alibaba,46,Qwen3 30B A3B 2507,262k,Open,5%,28%,59%,10%,81%,71%,71%,33%,51%,56%,$0.75 ,$0.20 ,$2.40 ,105,101,103,108,110,1.13,20.1,1.03,1.08,1.19,1.24,24.84,18.97
DeepSeek,46,DeepSeek V3.2 Exp,128k,Open,23%,34%,43%,9%,84%,74%,55%,40%,43%,58%,$0.32 ,$0.28 ,$0.42 ,26,22,24,27,29,1.1,1.1,0.87,0.93,1.26,1.53,20.65,0
DeepSeek,46,DeepSeek V3.1 Terminus,128k,Open,30%,37%,43%,8%,84%,75%,53%,32%,41%,54%,$0.65 ,$0.42 ,$1.34 ,0,0,0,0,0,0,0,0,0,0,0,0,0
Alibaba,45,Qwen3 235B 2507,256k,Open,14%,33%,31%,11%,83%,75%,52%,36%,46%,72%,$1.23 ,$0.70 ,$2.80 ,53,41,44,55,58,1.23,1.23,1.03,1.14,1.4,1.43,10.72,0
Alibaba,45,Qwen3 VL 30B A3B,256k,Open,5%,20%,41%,9%,81%,72%,70%,29%,45%,82%,$0.75 ,$0.20 ,$2.40 ,104,102,103,110,115,0.98,20.29,0.91,0.95,1.09,1.22,25.12,19.32
NVIDIA,45,Llama Nemotron Super 49B v1.5,128k,Open,5%,28%,34%,7%,81%,75%,74%,35%,37%,77%,$0.17 ,$0.10 ,$0.40 ,75,72,73,76,77,0.29,27.07,0.23,0.26,0.47,0.86,33.76,26.78
Alibaba,45,Qwen3 Next 80B A3B,262k,Open,7%,22%,51%,7%,82%,74%,68%,31%,40%,66%,$0.88 ,$0.50 ,$2.00 ,127,48,96,143,158,1.2,1.2,0.99,1.01,1.39,1.41,5.15,0
InclusionAI,45,Ling-1T,128k,Open,10%,33%,35%,7%,82%,72%,68%,35%,35%,71%,$1.00 ,$0.57 ,$2.28 ,11,9,11,13,16,1.55,1.55,0.86,1.23,1.78,1.82,46.1,0
Z AI,45,GLM-4.6,200k,Open,27%,77%,26%,5%,78%,63%,56%,33%,37%,44%,$0.99 ,$0.60 ,$2.15 ,38,25,36,45,61,0.65,0.65,0.54,0.6,0.75,1.63,13.78,0
Anthropic,45,Claude 4.1 Opus,200k,Proprietary,--,--,--,--,--,--,--,--,--,--,$30.00 ,$15.00 ,$75.00 ,40,30,38,42,44,1.57,1.57,1.37,1.47,1.66,2.17,14.12,0
OpenAI,44,gpt-oss-20B (low),131k,Open,4%,50%,31%,5%,72%,61%,65%,34%,58%,62%,$0.09 ,$0.06 ,$0.20 ,255,130,227,313,983,0.32,8.17,0.16,0.2,0.66,6.53,10.13,7.85
Alibaba,44,Qwen3 VL 235B A22B,262k,Open,6%,35%,32%,6%,82%,71%,59%,36%,43%,71%,$1.23 ,$0.70 ,$2.80 ,40,38,38,43,48,1.22,1.22,1.13,1.16,1.3,1.38,13.81,0
OpenAI,43,GPT-5 (minimal),400k,Proprietary,18%,67%,25%,5%,81%,67%,56%,39%,46%,32%,$3.44 ,$1.25 ,$10.00 ,101,91,96,102,102,1.2,1.2,1.03,1.1,1.3,1.39,6.13,0
Alibaba,43,Qwen3 4B 2507,262k,Open,1%,25%,38%,6%,74%,67%,64%,26%,50%,83%,$0.00 ,$0.00 ,$0.00 ,0,0,0,0,0,0,0,0,0,0,0,0,0
Mistral,43,Magistral Small 1.2,128k,Open,4%,28%,16%,6%,77%,66%,72%,35%,44%,80%,$0.75 ,$0.50 ,$1.50 ,205,172,182,216,226,0.31,10.07,0.3,0.31,0.33,0.35,12.51,9.76
LG AI Research,43,EXAONE 4.0 32B,131k,Open,4%,17%,14%,11%,82%,74%,75%,34%,36%,80%,$0.70 ,$0.60 ,$1.00 ,86,54,75,102,122,0.32,23.63,0.27,0.3,0.33,0.42,29.46,23.32
Alibaba,42,Qwen3 Coder 480B,262k,Open,18%,44%,42%,4%,79%,62%,59%,36%,41%,39%,$3.00 ,$1.50 ,$7.50 ,36,20,31,39,49,1.69,1.69,1.37,1.55,1.75,1.87,15.76,0
OpenAI,42,GPT-5 (ChatGPT),128k,Proprietary,12%,0%,64%,6%,82%,69%,54%,38%,45%,48%,$3.44 ,$1.25 ,$10.00 ,168,145,155,208,240,0.85,0.85,0.41,0.6,0.86,0.87,3.82,0
Anthropic,42,Claude 4.5 Haiku,200k,Proprietary,26%,33%,44%,4%,80%,65%,51%,34%,42%,39%,$2.00 ,$1.00 ,$5.00 ,104,83,101,107,114,1.01,1.01,0.62,0.78,1.09,1.15,5.81,0
Google,42,Gemini 2.5 Flash-Lite (Sep),1m,Proprietary,7%,30%,48%,5%,80%,65%,64%,28%,42%,47%,$0.17 ,$0.10 ,$0.40 ,475,405,440,500,548,0.22,0.22,0.21,0.21,0.24,0.28,1.27,0
OpenAI,42,GPT-5 mini (minimal),400k,Proprietary,14%,32%,36%,5%,78%,69%,55%,37%,46%,47%,$0.69 ,$0.25 ,$2.00 ,69,65,67,71,73,1.47,1.47,1.47,1.47,1.47,1.47,8.72,0
Nous Research,42,Hermes 4 405B,128k,Open,11%,22%,21%,10%,83%,73%,69%,25%,33%,70%,$1.50 ,$1.00 ,$3.00 ,37,28,36,38,41,0.79,55.44,0.73,0.75,0.85,0.89,69.1,54.65
Alibaba,41,Qwen3 VL 32B,256k,Open,8%,29%,31%,6%,79%,67%,51%,30%,39%,68%,$1.23 ,$0.70 ,$2.80 ,51,30,46,52,58,1.17,1.17,0.97,1.07,1.28,1.37,11,0
Alibaba,40,Qwen3 Omni 30B A3B,66k,Open,4%,21%,0%,7%,79%,73%,68%,31%,43%,74%,$0.43 ,$0.25 ,$0.97 ,98,90,93,100,103,1.26,21.72,1.05,1.14,1.26,1.26,26.83,20.46
InclusionAI,40,Ring-flash-2.0,128k,Open,7%,0%,21%,9%,79%,73%,63%,17%,43%,84%,$0.25 ,$0.14 ,$0.57 ,72,60,66,77,92,1.42,29.02,1.31,1.38,1.46,1.93,35.92,27.6
Nous Research,39,Hermes 4 70B,128k,Open,4%,23%,7%,8%,81%,70%,65%,34%,31%,69%,$0.20 ,$0.13 ,$0.40 ,86,83,84,87,93,0.66,23.96,0.54,0.57,0.74,1.17,29.79,23.3
xAI,39,Grok 4 Fast,2m,Proprietary,11%,64%,20%,5%,73%,61%,40%,33%,38%,41%,$0.28 ,$0.20 ,$0.50 ,222,145,179,240,310,0.49,0.49,0.43,0.45,0.64,0.91,2.74,0
NVIDIA,38,Llama Nemotron Ultra,128k,Open,2%,11%,7%,8%,83%,73%,64%,35%,38%,64%,$0.90 ,$0.60 ,$1.80 ,38,37,37,38,41,0.69,53.79,0.64,0.65,0.7,0.82,67.07,53.1
Alibaba,38,Qwen3 VL 30B A3B,256k,Open,6%,19%,24%,6%,76%,70%,48%,31%,33%,72%,$0.35 ,$0.20 ,$0.80 ,93,89,91,98,110,0.98,0.98,0.8,0.89,1.17,1.44,6.37,0
Upstage,38,Solar Pro 2,66k,Proprietary,3%,28%,0%,7%,81%,69%,62%,30%,37%,61%,$0.50 ,$0.50 ,$0.50 ,103,95,99,105,106,0.93,20.38,0.91,0.92,1.06,1.37,25.24,19.45
Z AI,37,GLM-4.5V,64k,Open,5%,23%,0%,6%,79%,68%,60%,22%,34%,73%,$0.85 ,$0.55 ,$1.75 ,0,0,0,0,0,0,0,0,0,0,0,0,0
Alibaba,37,Qwen3 30B A3B 2507,262k,Open,6%,10%,23%,7%,78%,66%,52%,30%,33%,66%,$0.35 ,$0.20 ,$0.80 ,86,85,86,97,105,1.1,1.1,1.02,1.06,1.74,2.26,6.89,0
NVIDIA,37,NVIDIA Nemotron Nano 9B V2,131k,Open,1%,22%,19%,5%,74%,57%,72%,22%,28%,70%,$0.07 ,$0.04 ,$0.16 ,119,109,111,126,126,0.28,17.08,0.21,0.24,0.32,0.35,21.29,16.8
NVIDIA,36,NVIDIA Nemotron Nano 9B V2,131k,Open,1%,23%,23%,4%,74%,56%,70%,21%,27%,62%,$0.07 ,$0.04 ,$0.16 ,125,110,120,129,137,0.31,0.31,0.24,0.24,0.32,0.52,4.32,0
Meta,36,Llama 4 Maverick,1m,Open,6%,18%,46%,5%,81%,67%,40%,33%,43%,19%,$0.42 ,$0.26 ,$0.85 ,149,39,102,398,701,0.52,0.52,0.18,0.33,0.79,3.9,3.88,0
NVIDIA,35,Llama 3.3 Nemotron Super 49B,128k,Open,0%,--,17%,7%,79%,64%,28%,28%,38%,55%,$0.00 ,$0.00 ,$0.00 ,0,0,0,0,0,0,0,0,0,0,0,0,0
Mistral,35,Mistral Medium 3.1,128k,Proprietary,10%,41%,20%,4%,68%,59%,41%,34%,40%,38%,$0.80 ,$0.40 ,$2.00 ,45,29,36,63,81,0.44,0.44,0.35,0.36,0.48,0.82,11.47,0
Alibaba,33,Qwen3 Coder 30B A3B,262k,Open,14%,35%,29%,4%,71%,52%,40%,28%,33%,29%,$0.90 ,$0.45 ,$2.25 ,88,80,81,97,109,1.62,1.62,1.52,1.55,1.72,2.04,7.31,0
Baidu,33,ERNIE 4.5 300B A47B,131k,Open,6%,0%,2%,4%,78%,81%,47%,32%,39%,41%,$0.48 ,$0.28 ,$1.10 ,25,19,20,27,33,0.99,0.99,0.72,0.83,1.44,2.02,21.21,0
Nous Research,33,Hermes 4 405B,128k,Open,9%,27%,20%,4%,73%,54%,55%,35%,35%,15%,$1.50 ,$1.00 ,$3.00 ,34,33,33,36,40,0.75,0.75,0.71,0.72,0.78,0.78,15.5,0
Amazon,32,Nova Premier,1m,Proprietary,6%,38%,30%,5%,73%,57%,32%,28%,36%,17%,$5.00 ,$2.50 ,$12.50 ,67,31,56,68,68,0.93,0.93,0.81,0.89,0.93,0.94,8.42,0
Alibaba,32,Qwen3 VL 8B,256k,Open,4%,23%,31%,3%,75%,58%,35%,22%,40%,31%,$0.66 ,$0.18 ,$2.10 ,63,39,61,65,71,1.09,32.81,0.91,1.04,1.19,2.19,40.75,31.72
DeepSeek,31,DeepSeek R1 0528 Qwen3 8B,33k,Open,1%,0%,13%,6%,74%,61%,51%,20%,20%,64%,$0.07 ,$0.06 ,$0.10 ,65,64,64,65,65,1.01,31.94,0.99,1,1.02,1.03,39.67,30.92
Alibaba,30,Qwen3 4B 2507,262k,Open,4%,27%,7%,5%,67%,52%,38%,18%,34%,52%,$0.00 ,$0.00 ,$0.00 ,0,0,0,0,0,0,0,0,0,0,0,0,0
LG AI Research,30,EXAONE 4.0 32B,131k,Open,1%,4%,8%,5%,77%,63%,47%,25%,34%,39%,$0.70 ,$0.60 ,$1.00 ,82,51,72,88,90,0.35,0.35,0.27,0.29,0.39,0.43,6.48,0
Upstage,30,Solar Pro 2,66k,Proprietary,4%,32%,0%,4%,75%,56%,42%,25%,34%,30%,$0.50 ,$0.50 ,$0.50 ,109,101,104,111,113,1.29,1.29,0.88,0.93,1.3,1.44,5.87,0
Alibaba,30,Qwen3 Omni 30B A3B,66k,Open,1%,16%,0%,5%,73%,62%,42%,19%,31%,52%,$0.43 ,$0.25 ,$0.97 ,14,8,11,25,28,2.58,2.58,2.3,2.46,3.06,3.35,37.08,0
DeepSeek,30,DeepSeek R1 Distill Llama 70B,128k,Open,1%,22%,11%,6%,80%,40%,27%,31%,28%,54%,$0.80 ,$0.70 ,$1.00 ,261,93,105,344,370,0.78,8.44,0.31,0.66,0.84,1.03,10.36,7.67
OpenAI,29,GPT-5 nano (minimal),400k,Proprietary,6%,26%,20%,4%,56%,43%,47%,29%,33%,27%,$0.14 ,$0.05 ,$0.40 ,98,98,98,98,98,1.46,1.46,1.46,1.46,1.46,1.46,6.56,0
Mistral,29,Mistral Small 3.2,128k,Open,6%,30%,17%,4%,68%,51%,28%,26%,34%,27%,$0.15 ,$0.10 ,$0.30 ,104,67,90,119,120,0.27,0.27,0.26,0.27,0.31,0.39,5.08,0
MiniMax,28,MiniMax-Text-01,4m,Open,2%,16%,33%,4%,76%,58%,25%,25%,33%,12%,$0.42 ,$0.20 ,$1.10 ,29,21,25,34,41,1.06,1.06,0.68,0.78,1.2,1.65,18.09,0
Meta,28,Llama 4 Scout,10m,Open,1%,16%,26%,4%,75%,59%,30%,17%,40%,14%,$0.24 ,$0.14 ,$0.54 ,201,39,108,410,"2,537",0.54,0.54,0.19,0.31,0.83,4.08,3.03,0
Meta,28,Llama 3.1 405B,128k,Open,6%,19%,24%,4%,73%,52%,31%,30%,39%,3%,$4.00 ,$3.50 ,$4.00 ,29,9,20,31,34,0.94,0.94,0.45,0.74,1.08,2.31,18.38,0
Meta,28,Llama 3.3 70B,128k,Open,3%,27%,15%,4%,71%,50%,29%,26%,47%,8%,$0.60 ,$0.50 ,$0.64 ,100,24,54,152,"2,107",0.46,0.46,0.19,0.29,0.66,1.4,5.44,0
Mistral,28,Devstral Medium,256k,Proprietary,9%,20%,29%,4%,71%,49%,34%,29%,30%,5%,$0.80 ,$0.40 ,$2.00 ,95,68,94,101,107,0.36,0.36,0.31,0.35,0.37,7.56,5.62,0
InclusionAI,28,Ling-mini-2.0,131k,Open,1%,13%,7%,5%,67%,56%,43%,14%,24%,49%,$0.12 ,$0.07 ,$0.28 ,153,133,141,175,209,1.59,1.59,1.48,1.52,1.9,2.54,4.86,0
Alibaba,27,Qwen3 VL 4B,256k,Open,1%,16%,21%,4%,70%,49%,32%,17%,37%,26%,$0.33 ,$0.10 ,$1.00 ,155,151,152,158,161,0.28,13.19,0.24,0.25,0.39,0.57,16.42,12.91
Mistral,27,Devstral Small,256k,Open,6%,28%,17%,4%,62%,41%,25%,24%,35%,29%,$0.15 ,$0.10 ,$0.30 ,136,113,132,147,161,0.33,0.33,0.28,0.31,0.35,0.4,4,0
Alibaba,27,Qwen3 VL 8B,256k,Open,2%,29%,15%,3%,69%,43%,33%,17%,32%,27%,$0.31 ,$0.18 ,$0.70 ,109,54,88,114,133,1.27,1.27,0.92,1.08,1.28,1.33,5.86,0
Cohere,27,Command A,256k,Open,1%,15%,18%,5%,71%,53%,29%,28%,37%,13%,$4.38 ,$2.50 ,$10.00 ,77,54,68,84,94,0.26,0.26,0.23,0.25,0.29,5.44,6.75,0
LG AI Research,27,Exaone 4.0 1.2B,64k,Open,0%,16%,0%,6%,59%,52%,52%,9%,23%,50%,$0.00 ,$0.00 ,$0.00 ,0,0,0,0,0,0,0,0,0,0,0,0,0
NVIDIA,27,Llama Nemotron Super 49B v1.5,128k,Open,4%,25%,22%,4%,69%,48%,29%,24%,33%,8%,$0.17 ,$0.10 ,$0.40 ,66,66,66,78,88,0.93,0.93,0.3,0.58,0.93,0.93,8.45,0
NVIDIA,26,Llama 3.1 Nemotron Nano 4B v1.1,128k,Open,--,12%,0%,5%,56%,41%,49%,10%,26%,50%,$0.00 ,$0.00 ,$0.00 ,0,0,0,0,0,0,0,0,0,0,0,0,0
Z AI,26,GLM-4.5V,64k,Open,6%,20%,0%,4%,75%,57%,35%,19%,29%,15%,$0.90 ,$0.60 ,$1.80 ,52,41,46,58,63,2.06,2.06,0.85,1.39,2.41,2.69,11.6,0
Reka AI,26,Reka Flash 3,128k,Open,0%,0%,0%,5%,67%,53%,44%,27%,30%,34%,$0.35 ,$0.20 ,$0.80 ,50,48,49,52,54,1.21,41.43,0.97,1.02,1.31,1.39,51.49,40.22
NVIDIA,26,Llama 3.3 Nemotron Super 49B,128k,Open,0%,--,11%,4%,70%,52%,28%,23%,40%,8%,$0.00 ,$0.00 ,$0.00 ,0,0,0,0,0,0,0,0,0,0,0,0,0
Alibaba,25,Qwen3 VL 4B,256k,Open,0%,23%,13%,4%,63%,37%,29%,14%,32%,37%,$0.23 ,$0.10 ,$0.60 ,139,138,139,162,179,0.54,0.54,0.54,0.54,2.1,3.35,4.13,0
Amazon,25,Nova Pro,300k,Proprietary,6%,14%,19%,3%,69%,50%,23%,21%,38%,7%,$1.40 ,$0.80 ,$3.20 ,0,0,0,0,0,0,0,0,0,0,0,0,0
Nous Research,24,Hermes 4 70B,128k,Open,0%,22%,2%,4%,66%,49%,27%,28%,29%,11%,$0.20 ,$0.13 ,$0.40 ,78,74,76,84,93,0.6,0.6,0.53,0.56,0.63,0.67,7.03,0
NVIDIA,24,Llama 3.1 Nemotron 70B,128k,Open,4%,23%,7%,5%,69%,47%,17%,23%,31%,11%,$0.60 ,$0.60 ,$0.60 ,32,30,30,34,37,0.32,0.32,0.24,0.26,0.41,0.49,16.1,0
IBM,23,Granite 4.0 H Small,128k,Open,2%,17%,9%,4%,62%,42%,25%,21%,32%,14%,$0.11 ,$0.06 ,$0.25 ,0,0,0,0,0,0,0,0,0,0,0,0,0
Microsoft Azure,23,Phi-4,16k,Open,4%,0%,0%,4%,71%,57%,23%,26%,24%,18%,$0.22 ,$0.13 ,$0.50 ,18,10,14,19,20,0.47,0.47,0.45,0.46,0.67,0.83,27.71,0
Google,22,Gemma 3 27B,128k,Open,4%,11%,6%,5%,67%,43%,14%,21%,32%,21%,$0.00 ,$0.00 ,$0.00 ,38,31,33,45,48,0.64,0.64,0.63,0.64,0.67,0.79,13.9,0
Amazon,21,Nova Lite,300k,Proprietary,1%,--,18%,5%,59%,43%,17%,14%,34%,7%,$0.10 ,$0.06 ,$0.24 ,192,163,179,202,211,0.4,0.4,0.37,0.38,0.41,0.42,3,0
AI21 Labs,21,Jamba Reasoning 3B,262k,Open,1%,16%,7%,5%,58%,33%,21%,6%,52%,11%,$0.00 ,$0.00 ,$0.00 ,0,0,0,0,0,0,0,0,0,0,0,0,0
AI21 Labs,21,Jamba 1.7 Large,256k,Open,2%,14%,17%,4%,58%,39%,18%,19%,35%,2%,$3.50 ,$2.00 ,$8.00 ,51,38,45,53,56,0.77,0.77,0.49,0.7,0.82,1.14,10.61,0
LG AI Research,20,Exaone 4.0 1.2B,64k,Open,0%,21%,0%,6%,50%,42%,29%,7%,25%,24%,$0.00 ,$0.00 ,$0.00 ,0,0,0,0,0,0,0,0,0,0,0,0,0
Google,20,Gemma 3 12B,128k,Open,1%,11%,7%,5%,60%,35%,14%,17%,37%,18%,$0.00 ,$0.00 ,$0.00 ,48,35,44,49,52,1.42,1.42,0.99,1.03,1.43,1.8,11.77,0
Mistral,20,Codestral (Jan),256k,Proprietary,0%,26%,15%,5%,45%,31%,24%,25%,25%,6%,$0.45 ,$0.30 ,$0.90 ,150,104,125,154,187,0.29,0.29,0.27,0.29,0.31,1.59,3.62,0
Perplexity,19,R1 1776,128k,Open,--,--,--,--,--,--,--,--,--,--,$0.00 ,$0.00 ,$0.00 ,0,0,0,0,0,0,0,0,0,0,0,0,0
Meta,19,Llama 3.2 90B (Vision),128k,Open,--,--,--,5%,67%,43%,21%,24%,--,--,$0.72 ,$0.72 ,$0.72 ,46,25,29,51,58,0.46,0.46,0.18,0.37,0.5,0.6,11.34,0
Amazon,18,Nova Micro,130k,Proprietary,1%,14%,10%,5%,53%,36%,14%,9%,29%,6%,$0.06 ,$0.04 ,$0.14 ,285,270,280,287,290,0.33,0.33,0.3,0.31,0.36,0.37,2.08,0
Liquid AI,17,LFM2 8B A1B,33k,Open,0%,11%,0%,5%,51%,34%,15%,7%,26%,25%,$0.00 ,$0.00 ,$0.00 ,0,0,0,0,0,0,0,0,0,0,0,0,0
IBM,16,Granite 4.0 Micro,128k,Open,1%,13%,4%,5%,45%,34%,18%,12%,25%,6%,$0.00 ,$0.00 ,$0.00 ,0,0,0,0,0,0,0,0,0,0,0,0,0
Microsoft Azure,16,Phi-4 Mini,128k,Open,0%,8%,14%,4%,47%,33%,13%,11%,21%,7%,$0.00 ,$0.00 ,$0.00 ,47,46,47,47,47,0.39,0.39,0.32,0.35,0.43,0.46,11.11,0
Nous Research,16,DeepHermes 3 - Mistral 24B,32k,Open,--,--,--,4%,58%,38%,20%,23%,--,--,$0.00 ,$0.00 ,$0.00 ,0,0,0,0,0,0,0,0,0,0,0,0,0
Meta,16,Llama 3.2 11B (Vision),128k,Open,1%,15%,12%,5%,46%,22%,11%,11%,30%,2%,$0.16 ,$0.16 ,$0.16 ,38,10,14,144,169,0.48,0.48,0.36,0.45,0.89,4.08,13.62,0
Google,15,Gemma 3n E4B,32k,Open,2%,5%,0%,4%,49%,30%,15%,8%,28%,14%,$0.03 ,$0.02 ,$0.04 ,61,48,53,64,72,0.51,0.51,0.43,0.46,0.6,0.66,8.72,0
AI21 Labs,15,Jamba 1.7 Mini,258k,Open,0%,13%,13%,5%,39%,32%,6%,9%,31%,0%,$0.25 ,$0.20 ,$0.40 ,140,127,130,153,159,0.66,0.66,0.51,0.59,0.75,1.04,4.23,0
Google,15,Gemma 3 4B,128k,Open,1%,5%,6%,5%,42%,29%,11%,7%,28%,13%,$0.00 ,$0.00 ,$0.00 ,45,33,36,51,56,0.96,0.96,0.78,0.79,1.03,1.04,12.08,0
IBM,14,Granite 4.0 H 1B,128k,Open,0%,20%,6%,5%,28%,26%,12%,8%,26%,6%,$0.00 ,$0.00 ,$0.00 ,0,0,0,0,0,0,0,0,0,0,0,0,0
Cohere,14,Aya Expanse 32B,128k,Open,1%,0%,11%,5%,38%,23%,14%,15%,29%,2%,$0.75 ,$0.50 ,$1.50 ,44,38,42,47,50,0.28,0.28,0.2,0.25,0.33,0.44,11.53,0
IBM,13,Granite 4.0 1B,128k,Open,0%,23%,4%,5%,33%,28%,5%,9%,21%,6%,$0.00 ,$0.00 ,$0.00 ,0,0,0,0,0,0,0,0,0,0,0,0,0
Microsoft Azure,12,Phi-4 Multimodal,128k,Open,--,--,--,4%,49%,32%,13%,11%,--,--,$0.00 ,$0.00 ,$0.00 ,17,17,17,18,18,0.44,0.44,0.35,0.39,0.49,0.53,29.48,0
Mistral,12,Ministral 8B,128k,Open,0%,0%,8%,5%,39%,28%,11%,12%,19%,3%,$0.10 ,$0.10 ,$0.10 ,165,125,146,182,190,0.31,0.31,0.26,0.27,0.35,1.41,3.33,0
Liquid AI,12,LFM2 2.6B,33k,Open,1%,14%,0%,5%,30%,31%,8%,3%,20%,8%,$0.00 ,$0.00 ,$0.00 ,0,0,0,0,0,0,0,0,0,0,0,0,0
Google,11,Gemma 3n E2B,32k,Open,1%,0%,0%,4%,38%,23%,10%,5%,22%,10%,$0.00 ,$0.00 ,$0.00 ,36,32,32,37,42,0.42,0.42,0.36,0.41,0.44,0.46,14.14,0
Mistral,11,Ministral 3B,128k,Proprietary,0%,0%,7%,6%,34%,26%,7%,9%,21%,0%,$0.04 ,$0.04 ,$0.04 ,221,208,213,226,253,0.25,0.25,0.24,0.25,0.25,0.25,2.51,0
Cohere,10,Aya Expanse 8B,8k,Open,0%,0%,0%,5%,31%,25%,7%,8%,24%,0%,$0.75 ,$0.50 ,$1.50 ,82,77,81,82,84,0.37,0.37,0.21,0.26,0.53,2.69,6.47,0
Liquid AI,10,LFM2 1.2B,33k,Open,0%,13%,0%,6%,26%,23%,2%,3%,22%,3%,$0.00 ,$0.00 ,$0.00 ,0,0,0,0,0,0,0,0,0,0,0,0,0
IBM,8,Granite 4.0 H 350M,33k,Open,0%,15%,0%,6%,13%,26%,2%,2%,18%,1%,$0.00 ,$0.00 ,$0.00 ,0,0,0,0,0,0,0,0,0,0,0,0,0
IBM,8,Granite 4.0 350M,33k,Open,0%,13%,0%,6%,12%,26%,2%,1%,16%,0%,$0.00 ,$0.00 ,$0.00 ,0,0,0,0,0,0,0,0,0,0,0,0,0
Google,7,Gemma 3 1B,32k,Open,0%,0%,0%,5%,14%,24%,2%,1%,20%,3%,$0.00 ,$0.00 ,$0.00 ,40,33,36,44,46,0.52,0.52,0.48,0.51,0.53,0.54,13.07,0
Google,6,Gemma 3 270M,32k,Open,0%,9%,0%,4%,6%,22%,0%,0%,12%,2%,$0.00 ,$0.00 ,$0.00 ,0,0,0,0,0,0,0,0,0,0,0,0,0
Nous Research,2,DeepHermes 3 - Llama-3.1 8B,128k,Open,--,--,--,4%,37%,27%,9%,9%,--,--,$0.00 ,$0.00 ,$0.00 ,0,0,0,0,0,0,0,0,0,0,0,0,0
